CREATE TABLE t1(id INT)Engine=Avid;
INSERT INTO t1(id) VALUES(1);
INSERT INTO t1(id) VALUES(2);
SELECT * FROM t1;
id
1
2
CREATE TABLE t2(id INT)Engine=Avid;
INSERT INTO t2(id) VALUES(3);
INSERT INTO t2(id) VALUES(4);
SELECT * FROM t2;
id
3
4
DROP TABLE t1;
DROP TABLE t2;
